window,rmse
2,1.337019751944714
3,1.5470499387369585
4,2.0464330475391694
5,2.3575729130056335
6,2.7551308815058433
7,2.941480629904968
8,3.204671141487771
10,3.4083933530323716
9,3.413438131539473
11,3.4553542089617473
12,3.517332399127829
13,3.6133227172383555
14,3.6705604044013276
15,3.792789690645805
16,3.8935397989667373
17,4.013156863890071
18,4.195427316700257
19,4.355733916198427
